<?xml version="1.0" encoding="UTF-8"?>
<project-private xmlns="http://www.netbeans.org/ns/project-private/1">
    <editor-bookmarks xmlns="http://www.netbeans.org/ns/editor-bookmarks/2" lastBookmarkId="0"/>
    <open-files xmlns="http://www.netbeans.org/ns/projectui-open-files/2">
        <group>
            <file>file:/E:/ooadproject/111111/SafeCity/src/safecity/RescueRequestPublicUser.java</file>
            <file>file:/E:/ooadproject/111111/SafeCity/src/safecity/icons8_Cancel_32px.png</file>
            <file>file:/E:/ooadproject/111111/SafeCity/src/safecity/policePortal.java</file>
            <file>file:/E:/ooadproject/111111/SafeCity/src/safecity/RuntimeSurviellance.java</file>
            <file>file:/E:/ooadproject/111111/SafeCity/src/safecity/ReportQueryPublicUser.java</file>
            <file>file:/E:/ooadproject/111111/SafeCity/src/safecity/JtableInfoEmployee.java</file>
            <file>file:/E:/ooadproject/111111/SafeCity/src/safecity/Mesage.java</file>
            <file>file:/E:/ooadproject/111111/SafeCity/src/safecity/SafeCity.java</file>
            <file>file:/E:/ooadproject/111111/SafeCity/src/safecity/rescuePortal.java</file>
            <file>file:/E:/ooadproject/111111/SafeCity/src/safecity/HomePageUI.java</file>
            <file>file:/E:/ooadproject/111111/SafeCity/src/safecity/employeePortal.java</file>
            <file>file:/E:/ooadproject/111111/SafeCity/src/safecity/FeedbackForm.java</file>
            <file>file:/E:/ooadproject/111111/SafeCity/src/safecity/CheckRoute.java</file>
            <file>file:/E:/ooadproject/111111/SafeCity/src/safecity/suggeionForm.java</file>
            <file>file:/E:/ooadproject/111111/SafeCity/src/safecity/JtableInfoOrganization.java</file>
            <file>file:/E:/ooadproject/111111/SafeCity/src/safecity/GoogleMapsSample.java</file>
        </group>
    </open-files>
</project-private>
